name,reported_media,harmonized_media
ahhs,indoor dust,
ahhs,"soil, or outdoor settled dust (specify)",
biomon_ca,urine,
biomon_ca,serum,
biomon_ca,blood,
ca_airmon,ambient air,
ca_surf_water,surface water,
carb,indoor air,
carb,indoor dust,
carb,personal air,
carb,ambient air,
chem_theatre,,
ctd,,
ctd,adipose tissue,
ctd,air,
ctd,"air, ambient",
ctd,"air, breath",
ctd,"air, breath, exhaled",
ctd,"air, indoor",
ctd,"air, outdoor",
ctd,"air, personal",
ctd,amniotic fluid,
ctd,back,
ctd,blood,
ctd,breath,
ctd,chest,
ctd,colostrum,
ctd,dust,
ctd,"dust, house",
ctd,femur head,
ctd,follicular fluid,
ctd,food,
ctd,"forearm, left",
ctd,"forearm, right",
ctd,frontal lobe,
ctd,hair,
ctd,hand,
ctd,kidney,
ctd,"leg, lower, left",
ctd,"leg, lower, right",
ctd,lung,
ctd,"milk, human",
ctd,"nail, finger",
ctd,occipital lobe,
ctd,patella,
ctd,pituitary gland,
ctd,placenta,
ctd,plasma,
ctd,produce,
ctd,saliva,
ctd,sand,
ctd,semen,
ctd,serum,
ctd,"shoulder, left",
ctd,"shoulder, right",
ctd,skin,
ctd,soil,
ctd,sputum,
ctd,sweat,
ctd,"thigh, left",
ctd,"thigh, right",
ctd,thyroid gland,
ctd,tibia,
ctd,tooth,
ctd,umbilical cord,
ctd,urine,
ctd,ventricular fluid,
ctd,water,
ctd,"water, drinking",
ctd,"water, drinking, bottled",
ctd,"water, tap",
ctd,"water, well",
epa_9potw,influent,
epa_9potw,effluent,
epa_dmr,"wastewater (influent, effluent)",
epa_nscrlft,tissue concentration estimates for predators,
epa_nscrlft,tissue concentration estimates for bottom dwe,
fda_tds_elem,"milk, whole, fluid",
fda_tds_elem,"milk, lowfat (2%), fluid",
fda_tds_elem,"milk, chocolate, lowfat, fluid",
fda_tds_elem,"milk, skim, fluid",
fda_tds_elem,"milk shake, chocolate, fast-food",
fda_tds_elem,"cheese, american, processed",
fda_tds_elem,"cheese, cheddar, natural (sharp/mild)",
fda_tds_elem,"beef, ground, regular, pan-cooked",
fda_tds_elem,"beef roast, chuck, oven-roasted",
fda_tds_elem,"ham, cured (not canned), baked",
fda_tds_elem,"pork chop, pan-cooked w/ oil",
fda_tds_elem,"pork sausage (link/patty), oven-cooked",
fda_tds_elem,"pork bacon, oven-cooked",
fda_tds_elem,"pork roast, loin, oven-roasted",
fda_tds_elem,"lamb chop, pan-cooked w/ oil",
fda_tds_elem,"turkey breast, oven-roasted",
fda_tds_elem,"liver (beef/calf), pan-cooked w/ oil",
fda_tds_elem,"frankfurter (beef/pork), boiled",
fda_tds_elem,bologna (beef/pork),
fda_tds_elem,"salami, luncheon-meat type (not hard)",
fda_tds_elem,"fish sticks or patty, frozen, oven-cooked",
fda_tds_elem,"eggs, scrambled w/ oil",
fda_tds_elem,"eggs, boiled",
fda_tds_elem,"pinto beans, dry, boiled",
fda_tds_elem,"pork and beans, canned",
fda_tds_elem,"lima beans, immature, frozen, boiled",
fda_tds_elem,"peas, green, fresh/frozen, boiled",
fda_tds_elem,"peanut butter, smooth/creamy",
fda_tds_elem,"peanuts, dry roasted, salted",
fda_tds_elem,"rice, white, enriched, cooked",
fda_tds_elem,"oatmeal, plain, cooked",
fda_tds_elem,"cream of wheat (farina), enriched, cooked",
fda_tds_elem,"corn/hominy grits, enriched, cooked",
fda_tds_elem,"corn, fresh/frozen, boiled",
fda_tds_elem,"corn, canned",
fda_tds_elem,"bread, white, enriched",
fda_tds_elem,"cornbread, homemade",
fda_tds_elem,"biscuits, refrigerated-type, baked",
fda_tds_elem,"bread, whole wheat",
fda_tds_elem,"tortilla, flour",
fda_tds_elem,"bread, rye",
fda_tds_elem,"muffin, fruit or plain",
fda_tds_elem,"crackers, saltine",
fda_tds_elem,corn/tortilla chips,
fda_tds_elem,"noodles, egg, enriched, boiled",
fda_tds_elem,corn flakes cereal,
fda_tds_elem,"fruit-flavored cereal, presweetened",
fda_tds_elem,shredded wheat cereal,
fda_tds_elem,raisin bran cereal,
fda_tds_elem,crisped rice cereal,
fda_tds_elem,granola w/ raisins,
fda_tds_elem,oat ring cereal,
fda_tds_elem,"apple (red), raw (w/ peel)",
fda_tds_elem,"orange (navel/valencia), raw",
fda_tds_elem,"banana, raw",
fda_tds_elem,"watermelon, raw/frozen",
fda_tds_elem,"peach, raw/frozen",
fda_tds_elem,"applesauce, bottled",
fda_tds_elem,"pear, raw (w/ peel)",
fda_tds_elem,"strawberries, raw/frozen",
fda_tds_elem,"fruit cocktail, canned in light syrup",
fda_tds_elem,"grapes (red/green), raw",
fda_tds_elem,"cantaloupe, raw/frozen",
fda_tds_elem,"grapefruit, raw",
fda_tds_elem,"pineapple, canned in juice",
fda_tds_elem,raisins,
fda_tds_elem,"avocado, raw",
fda_tds_elem,"orange juice, frozen conc, reconstituted",
fda_tds_elem,"apple juice, bottled",
fda_tds_elem,"grapefruit juice, bottled",
fda_tds_elem,"prune juice, bottled",
fda_tds_elem,"lemonade, frozen conc, reconstituted",
fda_tds_elem,"spinach, fresh/frozen, boiled",
fda_tds_elem,"collards, fresh/frozen, boiled",
fda_tds_elem,"lettuce, iceburg, raw",
fda_tds_elem,"cabbage, fresh, boiled",
fda_tds_elem,"broccoli, fresh/frozen, boiled",
fda_tds_elem,"celery, raw",
fda_tds_elem,"asparagus, fresh/frozen, boiled",
fda_tds_elem,"cauliflower, fresh/frozen, boiled",
fda_tds_elem,"tomato, raw",
fda_tds_elem,"tomato sauce, plain, bottled",
fda_tds_elem,"green beans, fresh/frozen, boiled",
fda_tds_elem,"green beans, canned",
fda_tds_elem,"cucumber, peeled, raw",
fda_tds_elem,"summer squash, fresh/frozen, boiled",
fda_tds_elem,"pepper, sweet, green, raw",
fda_tds_elem,"squash, winter (hubbard or acorn), fresh/froz",
fda_tds_elem,"onion, mature, raw",
fda_tds_elem,"beets, canned",
fda_tds_elem,"potato, boiled (w/out peel)",
fda_tds_elem,"potato, baked (w/ peel)",
fda_tds_elem,potato chips,
fda_tds_elem,"spaghetti w/ meat sauce, homemade",
fda_tds_elem,"chili con carne w/ beans, canned",
fda_tds_elem,"macaroni and cheese, prepared from box mix",
fda_tds_elem,"quarter-pound hamburger on bun, fast-food",
fda_tds_elem,"meatloaf, beef, homemade",
fda_tds_elem,"chicken potpie, frozen, heated",
fda_tds_elem,"soup, chicken noodle, canned, cond, prep w/ w",
fda_tds_elem,"soup, tomato, canned, cond, prep w/ water",
fda_tds_elem,"soup, vegetable beef, canned, cond, prep w/ w",
fda_tds_elem,dill cucumber pickles,
fda_tds_elem,"margarine, regular (not lowfat), salted",
fda_tds_elem,"butter, regular (not lowfat), salted",
fda_tds_elem,"mayonnaise, regular, bottled",
fda_tds_elem,"cream, half & half",
fda_tds_elem,"cream substitute, non-dairy, liquid/frozen",
fda_tds_elem,"sugar, white, granulated",
fda_tds_elem,"syrup, pancake",
fda_tds_elem,honey,
fda_tds_elem,tomato catsup,
fda_tds_elem,"ice cream, light, vanilla",
fda_tds_elem,"cake, chocolate w/ icing",
fda_tds_elem,sweet roll/danish pastry,
fda_tds_elem,chocolate chip cookies,
fda_tds_elem,sandwich cookies w/ cr?me filling,
fda_tds_elem,"pie, apple, fresh/frozen",
fda_tds_elem,"pie, pumpkin, fresh/frozen",
fda_tds_elem,"candy bar, milk chocolate, plain",
fda_tds_elem,"gelatin dessert, any flavor",
fda_tds_elem,"carbonated beverage, cola, regular",
fda_tds_elem,"fruit drink, from powder",
fda_tds_elem,"carbonated beverage, cola, low-calorie",
fda_tds_elem,"tea, from tea bag",
fda_tds_elem,beer,
fda_tds_elem,"wine, dry table, red/ white",
fda_tds_elem,"bf, infant formula, milk-based, high iron, rt",
fda_tds_elem,"bf, infant formula, milk-based, low iron, rtf",
fda_tds_elem,"bf, beef and broth/gravy",
fda_tds_elem,"bf, chicken and broth/gravy",
fda_tds_elem,"bf, vegetables and beef",
fda_tds_elem,"bf, vegetables and chicken",
fda_tds_elem,"bf, vegetables and ham",
fda_tds_elem,"bf, chicken noodle dinner",
fda_tds_elem,"bf, macaroni, tomato and beef",
fda_tds_elem,"bf, turkey and  rice",
fda_tds_elem,"bf, carrots",
fda_tds_elem,"bf, green beans",
fda_tds_elem,"bf, mixed vegetables",
fda_tds_elem,"bf, sweet potatoes",
fda_tds_elem,"bf, peas",
fda_tds_elem,"bf, applesauce",
fda_tds_elem,"bf, peaches",
fda_tds_elem,"bf, pears",
fda_tds_elem,"bf, juice, apple",
fda_tds_elem,"bf, juice, orange",
fda_tds_elem,"bf, custard/pudding",
fda_tds_elem,"bf, fruit dessert/pudding",
fda_tds_elem,"yogurt, lowfat, fruit-flavored",
fda_tds_elem,"cheese, swiss, natural",
fda_tds_elem,cream cheese,
fda_tds_elem,"luncheon meat, ham",
fda_tds_elem,"chicken breast, oven-roasted (skin removed)",
fda_tds_elem,"chicken nuggets, fast-food",
fda_tds_elem,"shrimp, boiled",
fda_tds_elem,"bread, cracked wheat",
fda_tds_elem,"bagel, plain, toasted",
fda_tds_elem,"english muffin, plain, toasted",
fda_tds_elem,"crackers, graham",
fda_tds_elem,"crackers, butter-type",
fda_tds_elem,"peach, canned in light/medium syrup",
fda_tds_elem,"pear, canned in light syrup",
fda_tds_elem,"pineapple juice, frozen conc, reconstituted",
fda_tds_elem,"grape juice, frozen conc, reconstituted",
fda_tds_elem,"french fries, fast-food",
fda_tds_elem,"carrot, fresh, peeled, boiled",
fda_tds_elem,"tomato juice, bottled",
fda_tds_elem,"brussels sprouts, fresh/frozen, boiled",
fda_tds_elem,"mushrooms, raw",
fda_tds_elem,"eggplant, fresh, peeled, boiled",
fda_tds_elem,"turnip, fresh/frozen, boiled",
fda_tds_elem,"okra, fresh/frozen, boiled",
fda_tds_elem,"mixed vegetables, frozen, boiled",
fda_tds_elem,"beef stroganoff w/ noodles, homemade",
fda_tds_elem,"tuna noodle casserole, homemade",
fda_tds_elem,"quarter-pound cheeseburger on bun, fast-food",
fda_tds_elem,"fish sandwich on bun, fast-food",
fda_tds_elem,"egg, cheese, and ham on english muffin, fast-",
fda_tds_elem,"taco/tostada w/ beef and cheese, from mexican",
fda_tds_elem,"pizza, cheese and pepperoni, regular crust, f",
fda_tds_elem,"soup, bean w/ bacon/pork, canned, cond, prep",
fda_tds_elem,"clam chowder, new england, canned, cond, prep",
fda_tds_elem,"ice cream, regular (not lowfat), vanilla",
fda_tds_elem,"sherbet, fruit-flavored",
fda_tds_elem,"popsicle, fruit-flavored",
fda_tds_elem,"doughnut, cake-type, any flavor, from donut s",
fda_tds_elem,brownie,
fda_tds_elem,sugar cookies,
fda_tds_elem,"candy, hard, any flavor",
fda_tds_elem,"pretzels, hard, salted",
fda_tds_elem,"syrup, chocolate",
fda_tds_elem,"jelly, any flavor",
fda_tds_elem,"mustard, yellow, plain",
fda_tds_elem,black olives,
fda_tds_elem,sour cream,
fda_tds_elem,"coffee, from ground",
fda_tds_elem,"carbonated beverage, fruit-flavored, regular",
fda_tds_elem,"fruit drink (10% juice), canned or bottled",
fda_tds_elem,"bf, infant formula, soy-based, rtf",
fda_tds_elem,"bf, bananas",
fda_tds_elem,"bf, teething biscuits",
fda_tds_elem,"salmon, steaks/fillets, baked",
fda_tds_elem,"bf, squash",
fda_tds_elem,"bf, cereal, oatmeal, dry, prep w/ water",
fda_tds_elem,"bf, cereal, rice, dry, prep w/ water",
fda_tds_elem,"bf, cereal, rice w/apples, dry, prep w/ water",
fda_tds_elem,"bf, veal and broth/gravy",
fda_tds_elem,"bf, lamb and broth/gravy",
fda_tds_elem,"bf, turkey and broth/gravy",
fda_tds_elem,"meal replacement, liquid rtd, any flavor",
fda_tds_elem,"cottage cheese, creamed, lowfat (2% milk fat)",
fda_tds_elem,"sour cream dip, any flavor",
fda_tds_elem,"beef steak, loin/sirloin, broiled",
fda_tds_elem,luncheon meat (chicken/turkey),
fda_tds_elem,"chicken breast, fried, fast-food (w/ skin)",
fda_tds_elem,"chicken thigh, oven-roasted (skin removed)",
fda_tds_elem,"chicken leg, fried, fast-food  (w/ skin)",
fda_tds_elem,"catfish, pan-cooked w/ oil",
fda_tds_elem,"tuna, canned in water, drained",
fda_tds_elem,"refried beans, canned",
fda_tds_elem,"white beans, dry, boiled",
fda_tds_elem,"sunflower seeds (shelled), roasted, salted",
fda_tds_elem,"pancakes, frozen, heated",
fda_tds_elem,breakfast tart/toaster pastry,
fda_tds_elem,"macaroni salad, from grocery/deli",
fda_tds_elem,"spaghetti, enriched, boiled",
fda_tds_elem,"apricots, canned in heavy/light syrup",
fda_tds_elem,"fruit juice blend (100% juice), canned/bottle",
fda_tds_elem,"cranberry juice cocktail, canned/bottled",
fda_tds_elem,"orange juice, bottled/carton",
fda_tds_elem,"potato salad, mayonnaise-type, from grocery/d",
fda_tds_elem,"potatoes, mashed, prepared from fresh",
fda_tds_elem,"coleslaw, mayonnaise-type, from grocery/deli",
fda_tds_elem,"carrot, baby, raw",
fda_tds_elem,"lettuce, leaf, raw",
fda_tds_elem,"sweet potatoes, canned",
fda_tds_elem,"tomato salsa, bottled",
fda_tds_elem,"stew, beef and vegetable, canned",
fda_tds_elem,"lasagna w/ meat, frozen, heated",
fda_tds_elem,"beef w/ vegetables in sauce, from chinese car",
fda_tds_elem,"chicken w/ vegetables in sauce, from chinese",
fda_tds_elem,"fried rice, meatless, from chinese carry-out",
fda_tds_elem,"burrito w/ beef, beans and cheese, from mexic",
fda_tds_elem,"chicken filet (broiled) sandwich on bun, fast",
fda_tds_elem,"soup, oriental noodles (ramen noodles), prep",
fda_tds_elem,"pudding, ready-to-eat, flavor other than choc",
fda_tds_elem,"cake, yellow w/ icing",
fda_tds_elem,"granola bar, w/ raisins",
fda_tds_elem,"candy bar, chocolate, nougat, and nuts",
fda_tds_elem,"popcorn, microwave, butter-flavored",
fda_tds_elem,sweet & sour sauce,
fda_tds_elem,"brown gravy, canned or bottled",
fda_tds_elem,"salad dressing, creamy/buttermilk type, regul",
fda_tds_elem,"salad dressing, creamy/buttermilk type, low-c",
fda_tds_elem,"salad dressing, italian, regular",
fda_tds_elem,olive oil,
fda_tds_elem,vegetable oil,
fda_tds_elem,"bottled drinking water (mineral/spring), not",
fda_tds_elem,"coffee, decaffeinated, from ground",
fda_tds_elem,"tea, decaffeinated, from tea bag",
fda_tds_elem,"bf, cereal, barley, dry, prep w/ water",
fda_tds_elem,"bf, cereal, mixed, dry, prep w/ water",
fda_tds_elem,"bf, juice, apple-banana",
fda_tds_elem,"bf, juice, apple-cherry",
fda_tds_elem,"bf, juice, apple-grape",
fda_tds_elem,"bf, juice, mixed fruit",
fda_tds_elem,"bf, juice, pear",
fda_tds_elem,"bf, juice, grape",
fda_tds_elem,"bf, pears and pineapple",
fda_tds_elem,"bf, plums/prunes w/ apples or pears",
fda_tds_elem,"bf, bananas and pineapple",
fda_tds_elem,"bf, apricots w/ mixed fruit",
fda_tds_elem,"bf, banana dessert",
fda_tds_elem,"bf, peach cobbler/dessert",
fda_tds_elem,"bf, fruit yogurt dessert",
fda_tds_elem,"bf, dutch apple/apple cobbler",
fda_tds_elem,"bf, arrowroot cookies",
fda_tds_elem,"bf, zweiback toast",
fda_tds_elem,"bf, cereal, oatmeal w/ fruit, prep w/ water",
fda_tds_elem,"bf, chicken w/ rice",
fda_tds_elem,"bf, beef and noodles/beef stroganoff",
fda_tds_elem,"bf, vegetables and turkey",
fda_tds_elem,"bf, macaroni and cheese",
fda_tds_elem,bf. apples with berries,
fda_tds_elem,"bf, apples with fruit other than berries",
fda_tds_elem,"peanut butter, creamy",
fda_tds_elem,"lettuce, iceberg, raw",
fda_tds_elem,"squash, winter (hubbard/acorn), fresh/frozen,",
fda_tds_elem,sandwich cookies w/ creme filling,
fda_tds_elem,"bf, apples with berries",
fda_tds_elem,"cake, white w/ icing",
fda_tds_elem,"bf, plums/prunes w/apples or pears",
fda_tds_elem,"butter, regular (not lowfat)",
fda_tds_elem,"bf, infant formula, milk-based, iron fortifie",
fda_tds_elem,"bread, multigrain",
fda_tds_elem,"pork sausage, (link/patty) oven-cooked",
fda_tds_elem,"infant formula, soy-based, rtf",
fda_tds_elem,"potato, mashed, prepared from fresh",
fda_tds_pest,"milk, whole, fluid",
fda_tds_pest,"milk, lowfat (2%), fluid",
fda_tds_pest,"milk, chocolate, lowfat, fluid",
fda_tds_pest,"milk, skim, fluid",
fda_tds_pest,"milk shake, chocolate, fast-food",
fda_tds_pest,"cheese, american, processed",
fda_tds_pest,"cheese, cheddar, natural (sharp/mild)",
fda_tds_pest,"beef, ground, regular, pan-cooked",
fda_tds_pest,"ham, cured (not canned), baked",
fda_tds_pest,"pork chop, pan-cooked w/ oil",
fda_tds_pest,"pork sausage, (link/patty) oven-cooked",
fda_tds_pest,"pork bacon, oven-cooked",
fda_tds_pest,"pork roast, loin, oven-roasted",
fda_tds_pest,"lamb chop, pan-cooked w/ oil",
fda_tds_pest,"turkey breast, oven-roasted",
fda_tds_pest,"liver (beef/calf), pan-cooked w/ oil",
fda_tds_pest,"frankfurter (beef/pork), boiled",
fda_tds_pest,bologna (beef/pork),
fda_tds_pest,"salami, luncheon-meat type (not hard)",
fda_tds_pest,"fish sticks or patty, frozen, oven-cooked",
fda_tds_pest,"eggs, scrambled w/ oil",
fda_tds_pest,"eggs, boiled",
fda_tds_pest,"pinto beans, dry, boiled",
fda_tds_pest,"pork and beans, canned",
fda_tds_pest,"lima beans, immature, frozen, boiled",
fda_tds_pest,"peas, green, fresh/frozen, boiled",
fda_tds_pest,"peanut butter, smooth/creamy",
fda_tds_pest,"peanuts, dry roasted, salted",
fda_tds_pest,"rice, white, enriched, cooked",
fda_tds_pest,"oatmeal, plain, cooked",
fda_tds_pest,"cream of wheat (farina), enriched, cooked",
fda_tds_pest,"corn/hominy grits, enriched, cooked",
fda_tds_pest,"corn, fresh/frozen, boiled",
fda_tds_pest,"corn, canned",
fda_tds_pest,"bread, white, enriched",
fda_tds_pest,"cornbread, homemade",
fda_tds_pest,"biscuits, refrigerated-type, baked",
fda_tds_pest,"bread, whole wheat",
fda_tds_pest,"tortilla, flour",
fda_tds_pest,"bread, rye",
fda_tds_pest,"muffin, fruit or plain",
fda_tds_pest,"crackers, saltine",
fda_tds_pest,corn/tortilla chips,
fda_tds_pest,"noodles, egg, enriched, boiled",
fda_tds_pest,corn flakes cereal,
fda_tds_pest,"fruit-flavored cereal, presweetened",
fda_tds_pest,shredded wheat cereal,
fda_tds_pest,raisin bran cereal,
fda_tds_pest,crisped rice cereal,
fda_tds_pest,granola w/ raisins,
fda_tds_pest,oat ring cereal,
fda_tds_pest,"apple (red), raw (w/ peel)",
fda_tds_pest,"orange (navel/valencia), raw",
fda_tds_pest,"banana, raw",
fda_tds_pest,"watermelon, raw/frozen",
fda_tds_pest,"peach, raw/frozen",
fda_tds_pest,"applesauce, bottled",
fda_tds_pest,"pear, raw (w/ peel)",
fda_tds_pest,"strawberries, raw/frozen",
fda_tds_pest,"fruit cocktail, canned in light syrup",
fda_tds_pest,"grapes (red/green), raw",
fda_tds_pest,"cantaloupe, raw/frozen",
fda_tds_pest,"grapefruit, raw",
fda_tds_pest,"pineapple, canned in juice",
fda_tds_pest,raisins,
fda_tds_pest,"avocado, raw",
fda_tds_pest,"orange juice, frozen conc, reconstituted",
fda_tds_pest,"apple juice, bottled",
fda_tds_pest,"grapefruit juice, bottled",
fda_tds_pest,"prune juice, bottled",
fda_tds_pest,"lemonade, frozen conc, reconstituted",
fda_tds_pest,"spinach, fresh/frozen, boiled",
fda_tds_pest,"collards, fresh/frozen, boiled",
fda_tds_pest,"lettuce, iceberg, raw",
fda_tds_pest,"cabbage, fresh, boiled",
fda_tds_pest,"broccoli, fresh/frozen, boiled",
fda_tds_pest,"celery, raw",
fda_tds_pest,"asparagus, fresh/frozen, boiled",
fda_tds_pest,"cauliflower, fresh/frozen, boiled",
fda_tds_pest,"tomato, raw",
fda_tds_pest,"tomato sauce, plain, bottled",
fda_tds_pest,"green beans, fresh/frozen, boiled",
fda_tds_pest,"green beans, canned",
fda_tds_pest,"cucumber, peeled, raw",
fda_tds_pest,"summer squash, fresh/frozen, boiled",
fda_tds_pest,"pepper, sweet, green, raw",
fda_tds_pest,"squash, winter (hubbard or acorn), fresh/froz",
fda_tds_pest,"onion, mature, raw",
fda_tds_pest,"beets, canned",
fda_tds_pest,"potato, boiled (w/out peel)",
fda_tds_pest,"potato, baked (w/ peel)",
fda_tds_pest,potato chips,
fda_tds_pest,"spaghetti w/ meat sauce, homemade",
fda_tds_pest,"chili con carne w/ beans, canned",
fda_tds_pest,"macaroni and cheese, prepared from box mix",
fda_tds_pest,"quarter-pound hamburger on bun, fast-food",
fda_tds_pest,"meatloaf, beef, homemade",
fda_tds_pest,"chicken potpie, frozen, heated",
fda_tds_pest,"soup, chicken noodle, canned, cond, prep w/ w",
fda_tds_pest,"soup, tomato, canned, cond, prep w/ water",
fda_tds_pest,"soup, vegetable beef, canned, cond, prep w/ w",
fda_tds_pest,dill cucumber pickles,
fda_tds_pest,"margarine, regular (not lowfat), salted",
fda_tds_pest,"butter, regular (not lowfat), salted",
fda_tds_pest,"mayonnaise, regular, bottled",
fda_tds_pest,"cream, half & half",
fda_tds_pest,"cream substitute, non-dairy, liquid/frozen",
fda_tds_pest,"sugar, white, granulated",
fda_tds_pest,"syrup, pancake",
fda_tds_pest,honey,
fda_tds_pest,tomato catsup,
fda_tds_pest,"ice cream, light, vanilla",
fda_tds_pest,"cake, chocolate w/ icing",
fda_tds_pest,sweet roll/danish pastry,
fda_tds_pest,chocolate chip cookies,
fda_tds_pest,sandwich cookies w/ cr?me filling,
fda_tds_pest,"pie, apple, fresh/frozen",
fda_tds_pest,"pie, pumpkin, fresh/frozen",
fda_tds_pest,"candy bar, milk chocolate, plain",
fda_tds_pest,"gelatin dessert, any flavor",
fda_tds_pest,"carbonated beverage, cola, regular",
fda_tds_pest,"fruit drink, from powder",
fda_tds_pest,"carbonated beverage, cola, low-calorie",
fda_tds_pest,"tea, from tea bag",
fda_tds_pest,beer,
fda_tds_pest,"wine, dry table, red/ white",
fda_tds_pest,"bf, infant formula, milk-based, high iron, rt",
fda_tds_pest,"bf, infant formula, milk-based, low iron, rtf",
fda_tds_pest,"bf, beef and broth/gravy",
fda_tds_pest,"bf, chicken and broth/gravy",
fda_tds_pest,"bf, vegetables and beef",
fda_tds_pest,"bf, vegetables and chicken",
fda_tds_pest,"bf, vegetables and ham",
fda_tds_pest,"bf, chicken noodle dinner",
fda_tds_pest,"bf, macaroni, tomato and beef",
fda_tds_pest,"bf, turkey and rice",
fda_tds_pest,"bf, carrots",
fda_tds_pest,"bf, green beans",
fda_tds_pest,"bf, mixed vegetables",
fda_tds_pest,"bf, sweet potatoes",
fda_tds_pest,"bf, peas",
fda_tds_pest,"bf, applesauce",
fda_tds_pest,"bf, peaches",
fda_tds_pest,"bf, pears",
fda_tds_pest,"bf, juice, apple",
fda_tds_pest,"bf, juice, orange",
fda_tds_pest,"bf, custard/pudding",
fda_tds_pest,"yogurt, lowfat, fruit-flavored",
fda_tds_pest,"cheese, swiss, natural",
fda_tds_pest,cream cheese,
fda_tds_pest,"luncheon meat, ham",
fda_tds_pest,"chicken breast, oven-roasted (skin removed)",
fda_tds_pest,"chicken nuggets, fast-food",
fda_tds_pest,"shrimp, boiled",
fda_tds_pest,"bread, cracked wheat",
fda_tds_pest,"bagel, plain, toasted",
fda_tds_pest,"english muffin, plain, toasted",
fda_tds_pest,"crackers, graham",
fda_tds_pest,"crackers, butter-type",
fda_tds_pest,"peach, canned in light/medium syrup",
fda_tds_pest,"pear, canned in light syrup",
fda_tds_pest,"pineapple juice, frozen conc, reconstituted",
fda_tds_pest,"grape juice, frozen conc, reconstituted",
fda_tds_pest,"french fries, fast-food",
fda_tds_pest,"carrot, fresh, peeled, boiled",
fda_tds_pest,"tomato juice, bottled",
fda_tds_pest,"brussels sprouts, fresh/frozen, boiled",
fda_tds_pest,"mushrooms, raw",
fda_tds_pest,"eggplant, fresh, peeled, boiled",
fda_tds_pest,"turnip, fresh/frozen, boiled",
fda_tds_pest,"okra, fresh/frozen, boiled",
fda_tds_pest,"mixed vegetables, frozen, boiled",
fda_tds_pest,"beef stroganoff w/ noodles, homemade",
fda_tds_pest,"tuna noodle casserole, homemade",
fda_tds_pest,"quarter-pound cheeseburger on bun, fast-food",
fda_tds_pest,"fish sandwich on bun, fast-food",
fda_tds_pest,"egg, cheese, and ham on english muffin, fast-",
fda_tds_pest,"taco/tostada w/ beef and cheese, from mexican",
fda_tds_pest,"pizza, cheese and pepperoni, regular crust, f",
fda_tds_pest,"soup, bean w/ bacon/pork, canned, cond, prep",
fda_tds_pest,"clam chowder, new england, canned, cond, prep",
fda_tds_pest,"ice cream, regular (not lowfat), vanilla",
fda_tds_pest,"sherbet, fruit-flavored",
fda_tds_pest,"popsicle, fruit-flavored",
fda_tds_pest,"doughnut, cake-type, any flavor, from donut s",
fda_tds_pest,brownie,
fda_tds_pest,sugar cookies,
fda_tds_pest,"candy, hard, any flavor",
fda_tds_pest,"pretzels, hard, salted",
fda_tds_pest,"syrup, chocolate",
fda_tds_pest,"jelly, any flavor",
fda_tds_pest,"mustard, yellow, plain",
fda_tds_pest,black olives,
fda_tds_pest,sour cream,
fda_tds_pest,"coffee, from ground",
fda_tds_pest,"carbonated beverage, fruit-flavored, regular",
fda_tds_pest,"fruit drink (10% juice), canned or bottled",
fda_tds_pest,"bf, infant formula, soy-based, rtf",
fda_tds_pest,"bf, bananas",
fda_tds_pest,"bf, teething biscuits",
fda_tds_pest,"salmon, steaks/fillets, baked",
fda_tds_pest,"bf, squash",
fda_tds_pest,"bf, cereal, oatmeal, dry, prep w/ water",
fda_tds_pest,"bf, cereal, rice, dry, prep w/ water",
fda_tds_pest,"bf, veal and broth/gravy",
fda_tds_pest,"bf, lamb and broth/gravy",
fda_tds_pest,"bf, turkey and broth/gravy",
fda_tds_pest,"meal replacement, liquid rtd, any flavor",
fda_tds_pest,"cottage cheese, creamed, lowfat (2% milk fat)",
fda_tds_pest,"sour cream dip, any flavor",
fda_tds_pest,"beef steak, loin/sirloin, broiled",
fda_tds_pest,luncheon meat (chicken/turkey),
fda_tds_pest,"chicken breast, fried, fast-food (w/ skin)",
fda_tds_pest,"chicken thigh, oven-roasted (skin removed)",
fda_tds_pest,"chicken leg, fried, fast-food (w/ skin)",
fda_tds_pest,"catfish, pan-cooked w/ oil",
fda_tds_pest,"tuna, canned in water, drained",
fda_tds_pest,"refried beans, canned",
fda_tds_pest,"white beans, dry, boiled",
fda_tds_pest,"sunflower seeds (shelled), roasted, salted",
fda_tds_pest,"pancakes, frozen, heated",
fda_tds_pest,breakfast tart/toaster pastry,
fda_tds_pest,"macaroni salad, from grocery/deli",
fda_tds_pest,"spaghetti, enriched, boiled",
fda_tds_pest,"apricots, canned in heavy/light syrup",
fda_tds_pest,"fruit juice blend (100% juice), canned/bottle",
fda_tds_pest,"cranberry juice cocktail, canned/bottled",
fda_tds_pest,"orange juice, bottled/carton",
fda_tds_pest,"potato salad, mayonnaise-type, from grocery/d",
fda_tds_pest,"potatoes, mashed, prepared from fresh",
fda_tds_pest,"coleslaw, mayonnaise-type, from grocery/deli",
fda_tds_pest,"carrot, baby, raw",
fda_tds_pest,"lettuce, leaf, raw",
fda_tds_pest,"sweet potatoes, canned",
fda_tds_pest,"tomato salsa, bottled",
fda_tds_pest,"stew, beef and vegetable, canned",
fda_tds_pest,"lasagna w/ meat, frozen, heated",
fda_tds_pest,"beef w/ vegetables in sauce, from chinese car",
fda_tds_pest,"chicken w/ vegetables in sauce, from chinese",
fda_tds_pest,"fried rice, meatless, from chinese carry-out",
fda_tds_pest,"burrito w/ beef, beans and cheese, from mexic",
fda_tds_pest,"chicken filet (broiled) sandwich on bun, fast",
fda_tds_pest,"soup, oriental noodles (ramen noodles), prep",
fda_tds_pest,"pudding, ready-to-eat, flavor other than choc",
fda_tds_pest,"cake, white w/ icing (formerly yellow cake)",
fda_tds_pest,"granola bar, w/ raisins",
fda_tds_pest,"candy bar, chocolate, nougat, and nuts",
fda_tds_pest,"popcorn, microwave, butter-flavored",
fda_tds_pest,sweet & sour sauce,
fda_tds_pest,"brown gravy, canned or bottled",
fda_tds_pest,"salad dressing, creamy/buttermilk type, regul",
fda_tds_pest,"salad dressing, creamy/buttermilk type, low-c",
fda_tds_pest,"salad dressing, italian, regular",
fda_tds_pest,olive oil,
fda_tds_pest,vegetable oil,
fda_tds_pest,"bottled drinking water (mineral/spring), not",
fda_tds_pest,"coffee, decaffeinated, from ground",
fda_tds_pest,"tea, decaffeinated, from tea bag",
fda_tds_pest,"bf, cereal, barley, dry, prep w/ water",
fda_tds_pest,"bf, cereal, mixed, dry, prep w/ water",
fda_tds_pest,"bf, juice, apple-banana",
fda_tds_pest,"bf, juice, apple-cherry",
fda_tds_pest,"bf, juice, apple-grape",
fda_tds_pest,"bf, juice, mixed fruit",
fda_tds_pest,"bf, juice, pear",
fda_tds_pest,"bf, juice, grape",
fda_tds_pest,"bf, pears and pineapple",
fda_tds_pest,"bf, plums/prunes w/apples or pears",
fda_tds_pest,"bf, bananas and pineapple",
fda_tds_pest,"bf, apricots w/ mixed fruit",
fda_tds_pest,"bf, banana dessert",
fda_tds_pest,"bf, peach cobbler/dessert",
fda_tds_pest,"bf, fruit yogurt dessert",
fda_tds_pest,"bf, dutch apple/apple cobbler",
fda_tds_pest,"bf, arrowroot cookies",
fda_tds_pest,"bf, zweiback toast",
fda_tds_pest,"bf, cereal, oatmeal w/ fruit, prep w/ water",
fda_tds_pest,"bf, chicken w/ rice",
fda_tds_pest,"bf, beef and noodles/beef stroganoff",
fda_tds_pest,"bf, vegetables and turkey",
fda_tds_pest,"bf, macaroni and cheese",
fda_tds_pest,"bf, apples with berries",
fda_tds_pest,"bf, apples with fruit other than berries",
fda_tds_pest,"beef roast, chuck, oven-roasted",
fda_tds_pest,"pork sausage (link/patty), oven-cooked",
fda_tds_pest,"squash, winter (hubbard/acorn), fresh/frozen,",
fda_tds_pest,"cream substitute, non-diary, liquid/frozen",
fda_tds_pest,"infant formula, milk-based, high iron, rtf",
fda_tds_pest,"infant formula, milk-based, low iron, rtf",
fda_tds_pest,"bf, fruit dessert/pudding",
fda_tds_pest,"bf, cereal, rice w/apples, dry, prep w/ water",
fda_tds_pest,"potato, mashed, prepared from fresh",
fda_tds_pest,"cake, yellow w/ icing",
fda_tds_pest,"bf, turkey and  rice",
fda_tds_pest,luncheon meat (ham),
fda_tds_pest,"chicken leg, fried, fast-food  (w/ skin)",
fda_tds_pest,"cake, white w/ icing",
ices_sediment,sediment - <63 micron fraction,
ices_sediment,sediment - <2000 micron fraction,
ices_sediment,sediment - <90 micron fraction,
ices_sediment,sediment - <1000 micron fraction,
ices_sediment,sediment - <20 micron fraction,
ices_sediment,sediment - <500 micron fraction,
ices_sediment,sediment - <62 micron fraction,
ip_chem_biota,,
nhanes,hemoglobin adduct,
nhanes,whole blood,
oecd,plasma - lipid adjusted,
oecd,plasma,
oecd,urine,
oecd,urine - creatinine adjusted,
oecd,whole blood,
oecd,serum,
oecd,serum - lipid adjusted,
oecd,breast milk,
usda_nrp,animal-cattle-beef cow,
usda_nrp,animal-cattle-heifer,
usda_nrp,animal-cattle-steer,
usda_nrp,animal-swine-market swine,
usda_nrp,animal-swine-sow,
usda_nrp,animal-sheep-lamb,
usda_nrp,animal-calf-bob veal,
usda_nrp,animal-cattle-bull,
usda_nrp,animal-cattle-dairy cow,
usda_nrp,animal-calf-heavy calf,
usda_nrp,animal-calf-formula-fed veal,
usda_nrp,animal-calf-non formula-fed veal,
usda_nrp,animal-cattle-steer/heifer carcass sponge,
usda_nrp,"product-thermally processed, commercially ste",
usda_nrp,animal-goat,
usda_nrp,product-raw-intact-beef,
usda_nrp,,
usda_nrp,animal-sheep-mature sheep,
usda_nrp,animal-swine-roaster swine,
usda_nrp,"product-rte-other fully cooked, not sliced",
usda_nrp,animal-swine-boar/stag swine,
usda_nrp,"product-nrte-ground, comminuted or otherwise",
usda_nrp,"product-rte-fully cooked, sausage products",
usda_nrp,animal-turkey,
usgs,,
usgs,abarenicola,
usgs,abarenicola pacifica,
usgs,ablabesmyia,
usgs,ablabesmyia mallochi,
usgs,acentrella,
usgs,acerpenna,
usgs,acerpenna macdunnoughi,
usgs,acerpenna pygmaea,
usgs,acipenser fulvescens,
usgs,acipenser transmontanus,
usgs,acroneuria,
usgs,aeshna umbrosa,
usgs,agabus,
usgs,agapetus,
usgs,agnetina,
usgs,alitta succinea,
usgs,allocapnia,
usgs,alloperla,
usgs,alnus,
usgs,alosa pseudoharengus,
usgs,alosa sapidissima,
usgs,ambloplites constellatus,
usgs,ambloplites rupestris,
usgs,ameiurus,
usgs,ameiurus brunneus,
usgs,ameiurus catus,
usgs,ameiurus melas,
usgs,ameiurus natalis,
usgs,ameiurus nebulosus,
usgs,ameletus,
usgs,americamysis bahia,
usgs,amia calva,
usgs,amnicola limosus,
usgs,ampelisca,
usgs,ampelisca abdita,
usgs,ampelisca macrocephala,
usgs,amphinemura,
usgs,amphinemura banksi,
usgs,amphipoda,
usgs,amphistichus argenteus,
usgs,amphitrite ornata,
usgs,ancylidae,
usgs,ancyronyx,
usgs,anguilla rostrata,
usgs,animalia,
usgs,anisoptera,
usgs,anthopotamus,
usgs,anthozoa (anthozoa),
usgs,antocha,
usgs,apatania,
usgs,aplodinotus grunniens,
usgs,arabella iricolor,
usgs,archocentrus nigrofasciatus,
usgs,archoplites interruptus,
usgs,archosargus probatocephalus,
usgs,arcteonais lomondi,
usgs,arctopsyche,
usgs,argia,
usgs,asellidae,
usgs,atherinops affinis,
usgs,atherinopsis californiensis,
usgs,atherix,
usgs,aulodrilus americanus,
usgs,aulodrilus limnobius,
usgs,aulodrilus pigueti,
usgs,aulodrilus pluriseta,
usgs,baetidae,
usgs,baetis,
usgs,baetis bicaudatus,
usgs,baetis brunneicolor,
usgs,baetis tricaudatus,
usgs,bathyporeia quoddyensis,
usgs,bidyanus bidyanus,
usgs,bivalvia,
usgs,bothidae,
usgs,boyeria,
usgs,brachiopoda,
usgs,brachycentrus,
usgs,brachycentrus americanus,
usgs,brachycentrus occidentalis,
usgs,brachyura,
usgs,branchiura sowerbyi,
usgs,brillia,
usgs,caecidotea,
usgs,caecidotea communis,
usgs,caecidotea racovitzai,
usgs,caenis,
usgs,calopterygidae,
usgs,calopteryx maculata,
usgs,campeloma decisum,
usgs,campostoma anomalum,
usgs,capitella,
usgs,capniidae,
usgs,carassius auratus,
usgs,cardiidae,
usgs,carpiodes,
usgs,carpiodes carpio,
usgs,carpiodes cyprinus,
usgs,"catenulida (platyhelminthes), acoelomorpha, r",
usgs,catostomus catostomus,
usgs,catostomus clarkii,
usgs,catostomus columbianus,
usgs,catostomus commersoni***retired***use catosto,
usgs,catostomus commersonii,
usgs,catostomus macrocheilus,
usgs,catostomus occidentalis,
usgs,catostomus tahoensis,
usgs,centrarchidae,
usgs,centropristis striata,
usgs,cerastoderma edule,
usgs,ceratopogon,
usgs,ceratopogonidae,
usgs,ceratopogoninae,
usgs,ceratopsyche,
usgs,ceratopsyche bronta,
usgs,ceratopsyche slossonae,
usgs,ceratopsyche sparna,
usgs,ceratopsyche walkeri,
usgs,ceriodaphnia dubia,
usgs,chaenobryttus gulosus***retired***use lepomis,
usgs,chaetocladius,
usgs,chaetogaster diaphanus,
usgs,chaetogaster diastrophus,
usgs,channa argus,
usgs,chelifera,
usgs,chelipoda,
usgs,chelydra serpentina,
usgs,cheumatopsyche,
usgs,chimarra,
usgs,chironomidae,
usgs,chironominae,
usgs,chironomus,
usgs,chloroperlidae,
usgs,choroterpes,
usgs,chrysops,
usgs,cincinnatia cincinnatiensis,
usgs,cinygmula,
usgs,cipangopaludina chinensis,
usgs,citharichthys sordidus,
usgs,cladotanytarsus,
usgs,clinocardium nuttallii,
usgs,clinocera,
usgs,clymenella torquata,
usgs,conchapelopia,
usgs,corbicula,
usgs,corbicula fluminea,
usgs,cordulegaster,
usgs,cordulegaster maculata,
usgs,cordulegaster obliqua,
usgs,coregonus albula,
usgs,coregonus artedi,
usgs,coregonus clupeaformis,
usgs,coregonus hoyi,
usgs,coregonus kiyi,
usgs,coregonus zenithicus,
usgs,corophium,
usgs,corophium volutator,
usgs,corydalus,
usgs,corynoneura,
usgs,costoanachis,
usgs,cottus,
usgs,cottus bairdii,
usgs,cottus cognatus,
usgs,cottus girardi,
usgs,crangon septemspinosa,
usgs,crangonyx,
usgs,crepidula fornicata,
usgs,crepidula plana,
usgs,cricotopus,
usgs,cryptochironomus,
usgs,cryptolabis,
usgs,cryptonatica affinis,
usgs,ctenopharyngodon idella,
usgs,cultus,
usgs,cyathura polita,
usgs,cymatogaster aggregata,
usgs,cynoscion nebulosus,
usgs,cyprinella spiloptera,
usgs,cyprinidae,
usgs,cyprinodon variegatus,
usgs,cyprinus carpio,
usgs,dasyhelea,
usgs,diamesa,
usgs,dicranota,
usgs,dicrotendipes,
usgs,dicrotendipes fumidus,
usgs,dineutus,
usgs,diphetor,
usgs,diplectrona,
usgs,diplectrona modesta,
usgs,diplocladius cultriger,
usgs,diporeia,
usgs,diptera,
usgs,dolophilodes,
usgs,dorosoma cepedianum,
usgs,dorosoma petenense,
usgs,dreissena bugensis,
usgs,dreissena polymorpha,
usgs,drunella,
usgs,drunella coloradensis,
usgs,drunella doddsii,
usgs,drunella grandis,
usgs,dubiraphia,
usgs,dubiraphia minima,
usgs,dubiraphia quadrinotata,
usgs,echinogammarus,
usgs,ectemnia,
usgs,embiotoca jacksoni,
usgs,enallagma,
usgs,enchytraeidae,
usgs,engraulis mordax,
usgs,eohaustorius estuarius,
usgs,epeorus,
usgs,epeorus deceptivus,
usgs,epeorus vitreus,
usgs,ephemera (ephemeridae),
usgs,ephemera simulans,
usgs,ephemerella,
usgs,ephemerella excrucians,
usgs,ephemerella subvaria,
usgs,ephemeroptera,
usgs,ephoron,
usgs,erimyzon oblongus,
usgs,erioptera,
usgs,esox americanus,
usgs,esox lucius,
usgs,esox masquinongy,
usgs,esox niger,
usgs,eteone,
usgs,eteone heteropoda,
usgs,etheostoma blennioides,
usgs,etheostoma exile,
usgs,etheostoma flabellare,
usgs,etheostoma olmstedi,
usgs,etheostoma zonale,
usgs,eukiefferiella,
usgs,eurylophella,
usgs,eurylophella funeralis,
usgs,eurytemora affinis,
usgs,exoglossum maxillingua,
usgs,exopalaemon modestus,
usgs,farfantepenaeus aztecus,
usgs,ferrissia,
usgs,fundulus notatus,
usgs,fundulus parvipinnis,
usgs,gambusia affinis,
usgs,gammaridae,
usgs,gammarus,
usgs,gammarus pseudolimnaeus,
usgs,gasterosteus aculeatus,
usgs,gastropoda,
usgs,genyonemus lineatus,
usgs,gila bicolor***retired***use siphateles bicol,
usgs,gila coerulea,
usgs,girardia tigrina,
usgs,gloiobdella elongata,
usgs,glossiphonia complanata,
usgs,glossosoma,
usgs,glossosoma intermedium,
usgs,glossosomatidae,
usgs,glycera,
usgs,glycera americana,
usgs,gomphidae,
usgs,gomphus,
usgs,goniobasis,
usgs,gyrinidae,
usgs,habrophlebia,
usgs,habrophlebiodes,
usgs,haploperla,
usgs,harmothoe extenuata,
usgs,harnischia,
usgs,heleniella,
usgs,helobdella stagnalis,
usgs,helopicus,
usgs,hemerodromia,
usgs,heptagenia,
usgs,hesperoleucus symmetricus,
usgs,hesperoperla pacifica,
usgs,hesperophylax,
usgs,hetaerina,
usgs,heterlimnius corpulentus,
usgs,heterotrissocladius,
usgs,heterotrissocladius marcidus,
usgs,heterotrissocladius subpilosus,
usgs,hexagenia,
usgs,hexagrammos decagrammus,
usgs,hexatoma,
usgs,hirudinea***retired***use hirudinea (clitella,
usgs,homarus americanus,
usgs,hyalella azteca,
usgs,hydatophylax argus,
usgs,hydra,
usgs,hydracarina,
usgs,hydrobaenus,
usgs,hydrobiidae,
usgs,hydrolimax grisea,
usgs,hydropsyche,
usgs,hydropsyche betteni,
usgs,hydropsychidae,
usgs,hydroptila,
usgs,hypentelium nigricans,
usgs,hyperprosopon argenteum,
usgs,hypophthalmichthys,
usgs,hypophthalmichthys molitrix,
usgs,hypophthalmichthys nobilis,
usgs,hypostomus plecostomus,
usgs,hypsurus caryi,
usgs,hysterocarpus traskii,
usgs,ictalurus furcatus,
usgs,ictalurus punctatus,
usgs,ictiobus bubalus,
usgs,ictiobus cyprinellus,
usgs,ictiobus niger,
usgs,idotea metallica,
usgs,ilyodrilus templetoni,
usgs,isochaetides freyi,
usgs,isonychia,
usgs,isoperla,
usgs,isoperla signata,
usgs,isoperla transmarina,
usgs,labrundinia,
usgs,lebertia,
usgs,lepidostoma,
usgs,lepisosteus osseus,
usgs,lepomis,
usgs,lepomis auritus,
usgs,lepomis cyanellus,
usgs,lepomis gibbosus,
usgs,lepomis macrochirus,
usgs,lepomis megalotis,
usgs,lepomis microlophus,
usgs,leptocheirus plumulosus,
usgs,leptocottus armatus,
usgs,leptophlebia,
usgs,leptophlebiidae,
usgs,leucon americanus,
usgs,leucotrichia,
usgs,leucotrichia pictipes,
usgs,leucrocuta,
usgs,leuctra,
usgs,leuctridae,
usgs,limnephilidae,
usgs,limnephilus rhombicus,
usgs,limnodrilus cervix,
usgs,limnodrilus claparedeianus,
usgs,limnodrilus hoffmeisteri,
usgs,limnodrilus profundicola,
usgs,limnodrilus udekemianus,
usgs,limnophyes,
usgs,liodessus affinis,
usgs,lobotes surinamensis,
usgs,lota lota,
usgs,lumbriculidae,
usgs,lutjanus kasmira,
usgs,luxilus chrysocephalus,
usgs,luxilus cornutus,
usgs,lymnaeidae,
usgs,lype diversa,
usgs,lysichiton americanus,
usgs,maccaffertium,
usgs,maccaffertium modestum,
usgs,maccaffertium vicarium,
usgs,macronychus,
usgs,macronychus glabratus,
usgs,macropelopia,
usgs,magnoliopsida,
usgs,malus,
usgs,manayunkia speciosa,
usgs,margaritifera falcata,
usgs,marphysa sanguinea,
usgs,megarcys signata,
usgs,menidia beryllina,
usgs,menticirrhus,
usgs,menticirrhus americanus,
usgs,mercenaria,
usgs,mercenaria mercenaria,
usgs,metacarcinus magister,
usgs,micrasema wataga,
usgs,microchironomus,
usgs,micropsectra,
usgs,micropterus,
usgs,micropterus cataractae,
usgs,micropterus dolomieu,
usgs,micropterus dolomieui***retired***use micropt,
usgs,micropterus punctulatus,
usgs,micropterus salmoides,
usgs,microtendipes,
usgs,minytrema melanops,
usgs,molanna,
usgs,mollusca,
usgs,molophilus,
usgs,mooreobdella microstoma,
usgs,morone,
usgs,morone americana,
usgs,morone chrysops,
usgs,morone mississippiensis,
usgs,morone saxatilis,
usgs,morone saxatilis x chrysops,
usgs,moxostoma anisurum,
usgs,moxostoma breviceps,
usgs,moxostoma duquesnii,
usgs,moxostoma erythrurum,
usgs,moxostoma macrolepidotum,
usgs,moxostoma valenciennesi,
usgs,mugil cephalus,
usgs,mugilidae,
usgs,mulinia lateralis,
usgs,mya arenaria,
usgs,myliobatis californica,
usgs,mylocheilus caurinus,
usgs,mylopharodon conocephalus,
usgs,myoxocephalus thompsonii,
usgs,mysis,
usgs,mysis relicta,
usgs,mytilus californianus,
usgs,mytilus edulis,
usgs,mytilus galloprovincialis,
usgs,naididae,
usgs,nais behningi,
usgs,nais bretscheri,
usgs,nais communis,
usgs,nais simplex,
usgs,nais variabilis,
usgs,nanocladius,
usgs,nanocladius branchicolus,
usgs,nassarius obsoletus,
usgs,natarsia,
usgs,nematoda,
usgs,nemertea,
usgs,nemoura trispinosa,
usgs,neogobius melanostomus,
usgs,neomysis americana,
usgs,neoperla,
usgs,neophylax,
usgs,neoplasta,
usgs,neoplea striola,
usgs,neothremma,
usgs,nephropidae,
usgs,nephtys,
usgs,nephtys incisa,
usgs,nereis,
usgs,neureclipsis,
usgs,nigronia,
usgs,nigronia serricornis,
usgs,nilotanypus,
usgs,nocomis biguttatus,
usgs,nocomis micropogon,
usgs,notemigonus crysoleucas,
usgs,notropis hudsonius,
usgs,notropis rubellus,
usgs,notropis volucellus,
usgs,noturus insignis,
usgs,nucula,
usgs,nuttallia obscurata,
usgs,nyctiophylax (paranyctiophylax),
usgs,oligochaeta (oligochaeta),
usgs,oligochaeta***retired***use oligochaeta (clit,
usgs,oncorhynchus clarki,
usgs,oncorhynchus clarkii,
usgs,oncorhynchus clarkii lewisi,
usgs,oncorhynchus kisutch,
usgs,oncorhynchus mykiss,
usgs,oncorhynchus nerka,
usgs,oncorhynchus tshawytscha,
usgs,ophidonais serpentina,
usgs,ophiodon elongatus,
usgs,ophiogomphus,
usgs,optioservus,
usgs,optioservus fastiditus,
usgs,optioservus trivittatus,
usgs,orconectes,
usgs,orconectes rusticus,
usgs,oreogeton,
usgs,ormosia (eriopterini),
usgs,orthocladiinae,
usgs,orthocladius,
usgs,orthocladius lignicola,
usgs,orthodon microlepidotus,
usgs,osmerus mordax,
usgs,osteichthyes,
usgs,ostrea lurida,
usgs,oulimnius,
usgs,pacifastacus leniusculus,
usgs,pagastia,
usgs,pagurus,
usgs,panulirus interruptus,
usgs,paracapnia,
usgs,paracladopelma,
usgs,paracladopelma undine,
usgs,paracladopelma winnelli,
usgs,paragnetina,
usgs,parakiefferiella,
usgs,paralabrax maculatofasciatus,
usgs,paralauterborniella,
usgs,paralauterborniella nigrohalterale,
usgs,paralauterborniella nigrohalteralis,
usgs,paraleptophlebia,
usgs,paralichthys californicus,
usgs,paralichthys dentatus,
usgs,parametriocnemus,
usgs,paranais frici,
usgs,paraphaenocladius,
usgs,paratanytarsus,
usgs,paratendipes,
usgs,parophrys vetulus,
usgs,pectinaria,
usgs,penaeus,
usgs,perca flavescens,
usgs,percina peltata,
usgs,pericoma,
usgs,perlesta,
usgs,phaenopsectra,
usgs,phalacrocorax auritus,
usgs,phallodrillus hallae,
usgs,phanerodon furcatus,
usgs,pherusa plumosa,
usgs,physa,
usgs,physidae,
usgs,piguetiella blanci,
usgs,piguetiella michiganensis,
usgs,pimephales notatus,
usgs,pimephales promelas,
usgs,pisidiidae,
usgs,pisidium,
usgs,plantae,
usgs,platycentropus,
usgs,platyhelminthes,
usgs,plauditus,
usgs,plecoptera,
usgs,pleuroceridae,
usgs,pleuronectiformes,
usgs,pleuronichthys verticalis,
usgs,podmosta,
usgs,pogonias cromis,
usgs,polycelis coronata,
usgs,polycentropus,
usgs,polydora cornuta,
usgs,polypedilum,
usgs,polypedilum aviceps,
usgs,polypedilum halterale,
usgs,polypedilum scalaenum,
usgs,polypedilum tuberculum,
usgs,pomatomus saltatrix,
usgs,pomoxis,
usgs,pomoxis annularis,
usgs,pomoxis nigromaculatus,
usgs,pontogeneia inermis,
usgs,potamopyrgus antipodarum,
usgs,potamothrix bavaricus,
usgs,potamothrix bedoti,
usgs,potamothrix moldaviensis,
usgs,potamothrix vejdovskyi,
usgs,potamyia,
usgs,potthastia,
usgs,potthastia longimana,
usgs,prionospio,
usgs,prionospio heterobranchia,
usgs,prionospio steenstrupi,
usgs,probezzia,
usgs,probythinella lacustris,
usgs,procladius,
usgs,procloeon,
usgs,promoresia,
usgs,prosimulium,
usgs,prosimulium mixtum,
usgs,prosopium cylindraceum,
usgs,prosopium williamsoni,
usgs,protanypus,
usgs,protohaustorius,
usgs,protothaca staminea,
usgs,psectrocladius,
usgs,psephenus,
usgs,pseudocloeon,
usgs,pseudodiamesa,
usgs,pseudolimnophila,
usgs,pseudorthocladius,
usgs,psychomyia,
usgs,psychomyia flavida,
usgs,pteronarcys,
usgs,ptychocheilus grandis,
usgs,ptychocheilus oregonensis,
usgs,pycnopsyche,
usgs,pylodictis olivaris,
usgs,quistadrilus multisetosus,
usgs,rangia cuneata,
usgs,remenus,
usgs,rhacochilus vacca,
usgs,rheocricotopus,
usgs,rheocricotopus tuberculatus,
usgs,rheopelopia,
usgs,rheosmittia,
usgs,rheotanytarsus,
usgs,rhepoxynius epistomus,
usgs,rhinichthys atratulus,
usgs,rhinichthys cataractae,
usgs,rhithrogena,
usgs,rhithrogena jejuna,
usgs,rhithropanopeus harrisii,
usgs,rhyacodrilus,
usgs,rhyacodrilus coccineus,
usgs,rhyacodrilus montanus,
usgs,rhyacodrilus sodalis,
usgs,rhyacophila,
usgs,rhyacophila brunnea,
usgs,rhyacophila sibirica,
usgs,rhyacophila vibox,
usgs,rhyacophila vofixa,
usgs,rubus spectabilis,
usgs,sabellaria vulgaris,
usgs,salicornia depressa,
usgs,salmo salar,
usgs,salmo trutta,
usgs,salvelinus alpinus,
usgs,salvelinus confluentus,
usgs,salvelinus fontinalis,
usgs,salvelinus namaycush,
usgs,sander canadensis,
usgs,sander vitreus,
usgs,sander vitreus x sander canadensis,
usgs,saxidomus gigantea,
usgs,saxidomus giganteus***retired***use saxidomus,
usgs,sciaenops ocellatus,
usgs,scoloplos robustus,
usgs,scomberomorus cavalla,
usgs,scorpaenichthys marmoratus,
usgs,sebastes atrovirens,
usgs,sebastes auriculatus,
usgs,sebastes carnatus,
usgs,sebastes caurinus,
usgs,sebastes chrysomelas,
usgs,sebastes flavidus,
usgs,sebastes maliger,
usgs,sebastes melanops,
usgs,sebastes miniatus,
usgs,sebastes mystinus,
usgs,sebastes nebulosus,
usgs,sebastes rosaceus,
usgs,sebastes serranoides,
usgs,selar crumenophthalmus,
usgs,semotilus atromaculatus,
usgs,semotilus corporalis,
usgs,serranus tigrinus,
usgs,serratella,
usgs,sialis,
usgs,siluriformes,
usgs,simuliidae,
usgs,simulium,
usgs,simulium gouldingi,
usgs,siphateles bicolor,
usgs,siphlonurus,
usgs,slavina appendiculata,
usgs,specaria josinae,
usgs,sperchon,
usgs,sphaeriidae***retired***use pisidiidae,
usgs,sphaerium,
usgs,spio,
usgs,spirosperma ferox,
usgs,spirosperma nikolskyi,
usgs,stagnicola,
usgs,stegopterna,
usgs,stempellinella,
usgs,stenacron,
usgs,stenacron interpunctatum,
usgs,stenelmis,
usgs,stenelmis crenata,
usgs,stenonema,
usgs,stephensoniania trivandrana,
usgs,sthenelais,
usgs,stictochironomus,
usgs,stilocladius,
usgs,streblospio benedicti,
usgs,strongylocentrotus purpuratus,
usgs,stylaria lacustris,
usgs,stylodrilus heringianus,
usgs,stylogomphus,
usgs,stylogomphus albistylus,
usgs,sublettea,
usgs,sweltsa,
usgs,synorthocladius,
usgs,taenionema,
usgs,taeniopterygidae,
usgs,taeniopteryx,
usgs,tanypodinae,
usgs,tanytarsus,
usgs,tasserkidrilus americanus,
usgs,tasserkidrilus superiorensis,
usgs,taxon unknown,
usgs,tellina,
usgs,thalassiosira pseudonana,
usgs,thalassodrilus hallae,
usgs,tharyx,
usgs,thienemanniella,
usgs,tilapia,
usgs,tipula,
usgs,tipulidae,
usgs,trachemys scripta elegans,
usgs,tresus capax,
usgs,triakis semifasciata,
usgs,tribelos,
usgs,tricorythodes,
usgs,trissopelopia ogemawi,
usgs,tubifex tubifex,
usgs,tubificidae,
usgs,turbellaria***retired***use catenulida (platy,
usgs,tvetenia,
usgs,tvetenia vitracies,
usgs,umbra limi,
usgs,uncinais uncinata,
usgs,unionoida,
usgs,vaccinium,
usgs,vaccinium parvifolium,
usgs,valvata,
usgs,valvata lewisi,
usgs,valvata perdepressa,
usgs,valvata sincera,
usgs,valvata tricarinata,
usgs,vejdovskyella comata,
usgs,vejdovskyella intermedia,
usgs,yoldia,
usgs,zapada cinctipes,
usgs,zapada oregonensis,
usgs,zavrelimyia,
